Date,Site,Year,Glade,Day,Trap #,Trap size,Species,Tag,Mass,Sex,Age,Repro,RHFL,EL,TL,Ecto
20/5/2016,DRU-MIN,1,14,1,20,sm,Reithrodontomys fulvescens,11,13,m,A,ns,17,12,88,flea
20/5/2016,DRU-MIN,1,14,1,21,sm,Reithrodontomys fulvescens,14,15,m,A,ns,19,11,98,no
20/5/2016,DRU-MIN,1,14,1,3,lrg,Sigmodon hispidus,15,156,m,A,ns,33,22,98,no
20/5/2016,DRU-MIN,1,14,1,23,lrg,Peromyscus attwateri,23,30,m,A,ns,24,20,94,no
22/5/2016,DRU-MIN,1,14,3,25,sm,Peromyscus attwateri,23,30,m,A,ns,24,20,94,fleas (2)
20/5/2016,DRU-MIN,1,14,1,12,sm,Reithrodontomys fulvescens,31,20,f,A,lrg,18,11,97,no
20/5/2016,DRU-MIN,1,14,1,10,sm,Peromyscus attwateri,32,20,f,A,sm,22,20,90,no
21/5/2016,DRU-MIN,1,14,2,10,sm,Peromyscus attwateri,32,20,m,A,ns,21,19,91,no
22/5/2016,DRU-MIN,1,14,3,12,lrg,Peromyscus attwateri,32,20,m,A,ns,21,19,91,no
23/5/2016,DRU-MIN,1,14,4,9,sm,Peromyscus attwateri,32,20,m,A,ns,21,19,91,no
20/5/2016,DRU-MIN,1,14,1,14,lrg,Peromyscus leucopus,34,19,m,A,ns,19,17,59,no
21/5/2016,DRU-MIN,1,14,2,20,sm,Peromyscus leucopus,34,22,m,A,ns,19,13,59,no
22/5/2016,DRU-MIN,1,13,2,5,sm,Reithrodontomys fulvescens,101,16,m,A,ns,18,12,97,no
24/5/2016,DRU-MIN,1,13,4,1,sm,Reithrodontomys fulvescens,101,16,m,A,ns,18,12,97,no
24/5/2016,DRU-MIN,1,12,1,16,sm,Peromyscus leucopus,104,11,m,A,ns,17,17,64,no
22/5/2016,DRU-MIN,1,13,2,5,sm,Peromyscus leucopus,105,23,f,J,sm,16,19,54,no
21/5/2016,DRU-MIN,1,14,2,16,sm,Peromyscus leucopus,106,19,f,A,sm,19,17,61,no
22/5/2016,DRU-MIN,1,14,3,17,sm,Peromyscus leucopus,106,19,f,A,sm,19,17,61,no
22/5/2016,DRU-MIN,1,13,2,4,sm,Peromyscus leucopus,107,18,m,A,ns,18,15,60,no
24/5/2016,DRU-MIN,1,13,4,5,sm,Peromyscus maniculatus,107,19,m,A,ns,18,15,60,no
22/5/2016,DRU-MIN,1,13,2,11,lrg,Peromyscus leucopus,108,26,m,A,ns,20,17,70,no
23/5/2016,DRU-MIN,1,13,3,11,lrg,Peromyscus leucopus,108,26,m,A,ns,20,17,70,no
24/5/2016,DRU-MIN,1,13,4,14,sm,Peromyscus leucopus,108,24,m,A,ns,20,17,70,no
22/5/2016,DRU-MIN,1,14,3,6,sm,Peromyscus leucopus,109,20,m,A,ns,19,14,59,no
22/5/2016,DRU-MIN,1,14,3,4,sm,Reithrodontomys fulvescens,110,14,m,A,s,17,12,87,no
21/5/2016,DRU-MIN,1,14,2,18,sm,Peromyscus maniculatus,111,18,f,A,sm,18,18,58,no
21/5/2016,DRU-MIN,1,13,1,4,lrg,Peromyscus maniculatus,112,21,f,A,sm,18,15,59,no
24/5/2016,DRU-MIN,1,13,4,4,sm,Peromyscus maniculatus,112,17,f,A,sm,18,15,59,no
22/5/2016,DRU-MIN,1,14,3,21,lrg,Peromyscus maniculatus,113,21,f,A,sm,19,16,58,no
23/5/2016,DRU-MIN,1,14,4,20,sm,Peromyscus maniculatus,113,21,f,A,sm,19,16,58,no
22/5/2016,DRU-MIN,1,13,2,24,lrg,Peromyscus leucopus,114,15,f,A,sm,18,14,56,no
23/5/2016,DRU-MIN,1,13,3,24,lrg,Peromyscus leucopus,114,15,f,A,sm,18,14,56,no
24/5/2016,DRU-MIN,1,13,4,24,sm,Peromyscus leucopus,114,15,f,A,sm,18,14,56,flea
21/5/2016,DRU-MIN,1,14,2,4,sm,Reithrodontomys fulvescens,115,17,f,A,lrg,18,14,94,no
21/5/2016,DRU-MIN,1,14,2,14,lrg,Peromyscus attwateri,116,23,m,A,ns,22,21,91,no
22/5/2016,DRU-MIN,1,14,3,15,sm,Peromyscus attwateri,116,23,m,A,ns,22,21,91,fleas (2)
21/5/2016,DRU-MIN,1,13,1,17,sm,Peromyscus leucopus,117,19,f,A,sm,12,15,59,no
22/5/2016,DRU-MIN,1,13,2,17,sm,Peromyscus leucopus,117,19,f,A,sm,12,15,59,no
23/5/2016,DRU-MIN,1,13,3,19,lrg,Peromyscus leucopus,117,21,f,A,sm,12,15,59,no
24/5/2016,DRU-MIN,1,13,4,21,sm,Peromyscus leucopus,117,17,f,A,sm,12,15,59,no
21/5/2016,DRU-MIN,1,14,2,7,sm,Peromyscus maniculatus,118,14,f,A,sm,16,14,56,no
22/5/2016,DRU-MIN,1,14,3,11,sm,Peromyscus maniculatus,118,14,f,A,sm,16,14,56,no
23/5/2016,DRU-MIN,1,14,4,13,sm,Peromyscus maniculatus,118,14,f,A,sm,16,14,56,no
21/5/2016,DRU-MIN,1,13,1,2,lrg,Peromyscus maniculatus,119,20,f,A,sm,19,18,64,no
24/5/2016,DRU-MIN,1,13,4,2,lrg,Peromyscus maniculatus,119,19,f,A,sm,19,18,64,no
22/5/2016,DRU-MIN,1,14,3,23,lrg,Peromyscus leucopus,120,19,m,A,ns,19,15,60,no
23/5/2016,DRU-MIN,1,14,4,22,lrg,Peromyscus leucopus,120,19,m,A,ns,19,15,60,no
21/5/2016,DRU-MIN,1,14,2,24,lrg,Peromyscus attwateri,121,24,m,A,ns,20,17,99,no
22/5/2016,DRU-MIN,1,14,3,24,sm,Peromyscus attwateri,121,24,m,A,ns,20,17,99,flea
23/5/2016,DRU-MIN,1,14,4,22,sm,Peromyscus attwateri,121,24,m,A,ns,20,17,99,no
21/5/2016,DRU-MIN,1,13,1,13,sm,Peromyscus leucopus,122,18,m,A,ns,21,12,72,no
22/5/2016,DRU-MIN,1,13,2,13,sm,Peromyscus leucopus,122,18,m,A,ns,21,12,72,no
22/5/2016,DRU-MIN,1,14,3,19,lrg,Peromyscus leucopus,123,18,m,A,ns,18,16,61,no
23/5/2016,DRU-MIN,1,14,4,17,lrg,Peromyscus leucopus,123,18,m,A,ns,18,16,61,no
22/5/2016,DRU-MIN,1,14,3,17,sm,Peromyscus leucopus,124,17,m,A,ns,17,18,63,no
23/5/2016,DRU-MIN,1,14,4,15,sm,Peromyscus leucopus,124,17,m,A,ns,17,18,63,no
21/5/2016,DRU-MIN,1,14,2,3,sm,Peromyscus leucopus,125,20,m,A,ns,17,15,59,tick
22/5/2016,DRU-MIN,1,14,3,1,sm,Peromyscus leucopus,125,20,m,A,ns,17,15,59,no
23/5/2016,DRU-MIN,1,14,4,4,sm,Peromyscus leucopus,125,20,m,A,ns,17,15,59,no
23/5/2016,DRU-MIN,1,13,3,3,sm,Reithrodontomys fulvescens,126,16,f,A,sm,18,10,99,no
23/5/2016,DRU-MIN,1,13,3,3,sm,Peromyscus maniculatus,127,17,m,A,ns,19,12,62,no
23/5/2016,DRU-MIN,1,13,3,14,sm,Peromyscus leucopus,128,25,f,A,sm,17,15,67,no
24/5/2016,DRU-MIN,1,13,4,16,sm,Peromyscus leucopus,128,27,f,A,sm,17,15,67,no
23/5/2016,DRU-MIN,1,13,3,16,sm,Peromyscus maniculatus,130,17,m,A,ms,19,15,60,no
23/5/2016,DRU-MIN,1,14,4,15,sm,Tamias striatus,131,89,m,A,ns,35,13,80,no
23/5/2016,DRU-MIN,1,14,4,11,sm,Peromyscus leucopus,132,17,m,A,ns,19,16,63,no
23/5/2016,DRU-MIN,1,14,4,10,sm,Peromyscus maniculatus,133,20,m,A,ns,19,17,70,no
23/5/2016,DRU-MIN,1,14,4,7,sm,Peromyscus attwateri,134,29,m,A,ns,21,19,95,no
24/5/2016,DRU-MIN,1,13,4,7,sm,Peromyscus leucopus,135,20,m,A,ns,18,15,64,no
24/5/2016,DRU-MIN,1,13,4,13,sm,Peromyscus leucopus,136,25,m,A,ns,21,14,72,no
24/5/2016,DRU-MIN,1,13,4,18,sm,Peromyscus leucopus,137,18,m,A,ns,19,18,64,no
24/5/2016,DRU-MIN,1,13,4,5,sm,Peromyscus leucopus,138,16,f,A,sm,18,18,65,no
24/5/2016,DRU-MIN,1,13,4,9,lrg,Peromyscus leucopus,139,17,f,A,sm,17,17,62,no
18/7/2016,DRU-MIN,1,15,3,2,sm,Peromyscus attwateri,140,26,m,A,ns,22,21,97,no
19/7/2016,DRU-MIN,1,15,4,1,sm,Peromyscus attwateri,140,26,m,A,ns,22,21,97,
17/7/2016,DRU-MIN,1,15,2,11,sm,Neotoma floridana,142,159,m,A,ns,,,145,fleas (2)
23/5/2016,DRU-MIN,1,14,4,2,sm,Peromyscus leucopus,144,17,f,A ,sm,17,15,59,
23/5/2016,DRU-MIN,1,13,3,2,lrg,Peromyscus leucopus,145,21,f,A,sm,17,15,58,no
24/5/2016,DRU-MIN,1,12,1,9,sm,Sigmodon hispidus,146,101,f,A,sm,32,18,98,no
24/5/2016,DRU-MIN,1,12,1,17,sm,Peromyscus leucopus,147,9,f,J,sm,18,11,61,fleas (3)
25/5/2016,DRU-MIN,1,12,2,20,sm,Peromyscus leucopus,147,9,f,J,sm,18,11,61,no
26/5/2016,DRU-MIN,1,12,3,16,sm,Peromyscus leucopus,147,9,f,J,sm,18,11,61,mite
27/5/2016,DRU-MIN,1,12,4,16,sm,Peromyscus leucopus,147,9,f,J,sm,18,11,61,no
24/5/2016,DRU-MIN,1,12,1,10,sm,Sigmodon hispidus,148,23,f,J,sm,22,11,65,no
22/5/2016,DRU-MIN,1,14,3,11,sm,Peromyscus leucopus,150,24,m,A,ns,19,15,57,no
23/5/2016,DRU-MIN,1,14,4,7,sm,Peromyscus leucopus,150,24,m,A,ns,19,15,57,no
17/7/2016,DRU-MIN,1,15,2,12,lrg,Peromyscus maniculatus,151,18,m,A,ns,17,13,55,no
18/7/2016,DRU-MIN,1,15,3,14,sm,Peromyscus maniculatus,151,18,m,A,ns,17,13,55,no
19/7/2016,DRU-MIN,1,15,4,12,sm,Peromyscus maniculatus,151,18,m,A,ns,17,13,55,
17/7/2016,DRU-MIN,1,15,2,20,lrg,Peromyscus maniculatus,152,14,f,SA,sm,17,14,58,no
18/7/2016,DRU-MIN,1,15,3,20,lrg,Peromyscus maniculatus,152,14,f,SA,sm,17,14,58,mite
17/7/2016,DRU-MIN,1,15,2,21,lrg,Neotoma floridana,153,131,,A,,,,,flea
26/5/2016,DRU-MIN,1,11,2,15,sm,Peromyscus maniculatus,154,15,f,A,sm,17,15,57,no
27/5/2016,DRU-MIN,1,11,3,15,sm,Peromyscus maniculatus,154,15,f,A,sm,17,15,57,no
28/5/2016,DRU-MIN,1,11,4,15,lrg,Peromyscus maniculatus,154,15,f,A,sm,17,15,57,no
17/7/2016,DRU-MIN,1,15,2,22,sm,Neotoma floridana,156,117,f,A,sm,34,18,106,flea
19/7/2016,DRU-MIN,1,15,4,6,sm,Peromyscus maniculatus,160,17,f,A,sm,18,15,61,
25/5/2016,DRU-MIN,1,11,1,14,lrg,Peromyscus leucopus,166,34,f,A,lrg,18,17,74,flea
26/5/2016,DRU-MIN,1,11,2,14,lrg,Peromyscus leucopus,166,34,f,A,lrg,18,17,74,no
27/5/2016,DRU-MIN,1,11,3,14,lrg,Peromyscus leucopus,166,34,f,A,lrg,18,17,74,no
28/5/2016,DRU-MIN,1,11,4,17,sm,Peromyscus leucopus,166,34,f,A,lrg,18,17,74,no
25/5/2016,DRU-MIN,1,11,1,3,lrg,Peromyscus leucopus,167,30,m,A,ns,19,16,65,no
28/5/2016,DRU-MIN,1,11,4,5,sm,Peromyscus leucopus,167,30,m,A,ns,19,16,65,no
25/5/2016,DRU-MIN,1,12,2,5,sm,Sigmodon hispidus,168,119,f,A,sm,30,17,106,no
27/5/2016,DRU-MIN,1,12,4,8,sm,Sigmodon hispidus,168,119,f,A,sm,30,17,106,no
25/5/2016,DRU-MIN,1,11,1,18,sm,Peromyscus leucopus,169,18,m,A,ns,18,16,58,no
26/5/2016,DRU-MIN,1,11,2,18,sm,Peromyscus leucopus,169,18,m,A,ns,18,16,58,mite
27/5/2016,DRU-MIN,1,11,3,18,sm,Peromyscus leucopus,169,18,m,A,ns,18,16,58,no
28/5/2016,DRU-MIN,1,11,4,18,sm,Peromyscus leucopus,169,18,m,A,ns,18,16,58,no
25/5/2016,DRU-MIN,1,11,1,21,lrg,Peromyscus leucopus,170,24,m,A,ns,19,18,63,no
26/5/2016,DRU-MIN,1,11,2,22,sm,Peromyscus leucopus,170,24,m,A,ns,19,18,63,no
27/5/2016,DRU-MIN,1,11,3,21,lrg,Peromyscus leucopus,170,24,m,A,ns,19,18,63,no
24/5/2016,DRU-MIN,1,13,4,23,sm,Peromyscus leucopus,171,21,m,A,ns,19,19,75,no
24/5/2016,DRU-MIN,1,13,4,24,sm,Peromyscus leucopus,172,20,m,A,ns,19,16,62,no
24/5/2016,DRU-MIN,1,12,1,1,lrg,Peromyscus maniculatus,173,18,f,A,sm,19,16,59,no
25/5/2016,DRU-MIN,1,12,2,2,sm,Peromyscus maniculatus,173,14,f,A,sm,19,16,59,no
26/5/2016,DRU-MIN,1,12,3,2,sm,Peromyscus maniculatus,173,18,f,A,sm,19,16,59,no
27/5/2016,DRU-MIN,1,12,4,2,sm,Peromyscus maniculatus,173,14,f,A,sm,19,16,59,no
24/5/2016,DRU-MIN,1,12,1,5,sm,Reithrodontomys fulvescens,174,15,f,A,sm,18,10,89,no
25/5/2016,DRU-MIN,1,12,2,7,sm,Reithrodontomys fulvescens,174,19,f,A,sm,18,10,89,no
27/5/2016,DRU-MIN,1,12,4,4,sm,Reithrodontomys fulvescens,174,19,f,A,lrg,18,10,89,no
24/5/2016,DRU-MIN,1,12,1,2,sm,Peromyscus leucopus,175,25,m,A,ns,20,17,60,no
26/5/2016,DRU-MIN,1,12,3,3,sm,Peromyscus leucopus,175,25,m,A,ns,20,17,60,no
27/5/2016,DRU-MIN,1,12,4,1,lrg,Peromyscus leucopus,175,25,m,A,ns,20,17,60,no
28/5/2016,DRU-MIN,1,11,4,21,lrg,Peromyscus leucopus,176,24,m,A,ns,19,18,63,no
28/5/2016,DRU-MIN,1,11,4,18,sm,Peromyscus leucopus,177,9,f,J,sm,16,11,55,flea
17/7/2016,DRU-MIN,1,15,2,25,sm,Sigmodon hispidus,178,76,f,A,sm,27,14,109,various
19/7/2016,DRU-MIN,1,15,4,24,sm,Sigmodon hispidus,178,76,f,A,sm,27,14,109,
27/5/2016,DRU-MIN,1,11,3,7,sm,Peromyscus leucopus,179,16,f,A,sm,17,14,59,no
18/7/2016,DRU-MIN,1,15,3,7,sm,Peromyscus attwateri,181,25,m,A,s,21,18,91,no
19/7/2016,DRU-MIN,1,15,4,5,sm,Peromyscus attwateri,181,25,m,A,s,21,18,91,
19/7/2016,DRU-MIN,1,15,4,22,sm,Peromyscus leucopus,183,19,m,A,ns,18,13,65,
19/7/2016,DRU-MIN,1,15,4,13,lrg,Peromyscus leucopus,185,19,f,A,sm,17,15,65,
16/7/2016,DRU-MIN,1,15,1,14,sm,Peromyscus maniculatus,186,18,m,A,ns,17,11,56,no
19/7/2016,DRU-MIN,1,15,4,12,lrg,Peromyscus maniculatus,186,18,m,A,ns,17,11,56,
16/7/2016,DRU-MIN,1,15,1,16,sm,Peromyscus leucopus,187,23,m,A,ns,18,13,67,no
17/7/2016,DRU-MIN,1,15,2,14,sm,Peromyscus leucopus,187,21,m,A,ns,18,13,67,tick
18/7/2016,DRU-MIN,1,15,3,16,sm,Peromyscus leucopus,187,21,m,A,ns,22,18,67,tick
19/7/2016,DRU-MIN,1,15,4,14,sm,Peromyscus leucopus,187,21,m,A,ns,22,18,67,
16/7/2016,DRU-MIN,1,15,1,12,lrg,Peromyscus leucopus,188,19,m,A,ns,17,13,63,no
17/7/2016,DRU-MIN,1,15,2,10,sm,Peromyscus leucopus,188,19,m,A,ns,17,13,63,no
18/7/2016,DRU-MIN,1,15,3,12,lrg,Peromyscus leucopus,188,20,m,A,ns,17,13,63,no
16/7/2016,DRU-MIN,1,15,1,1,lrg,Peromyscus leucopus,189,15,m,A,ns,17,13,68,no
18/7/2016,DRU-MIN,1,15,3,2,lrg,Peromyscus leucopus,189,15,m,A,ns,17,13,68,no
16/7/2016,DRU-MIN,1,15,1,1,sm,Peromyscus attwateri,190,25,m,A,ns,22,18,97,no
18/7/2016,DRU-MIN,1,15,3,1,sm,Peromyscus attwateri,190,25,m,A,ns,22,18,97,no
19/7/2016,DRU-MIN,1,15,4,1,lrg,Peromyscus attwateri,190,25,m,A,ns,22,18,97,
16/7/2016,DRU-MIN,1,15,1,8,sm,Peromyscus leucopus,191,17,m,A,ns,18,15,63,no
18/7/2016,DRU-MIN,1,15,3,8,lrg,Peromyscus leucopus,191,19,m,A,ns,18,15,63,mite?
19/7/2016,DRU-MIN,1,15,4,10,sm,Peromyscus leucopus,191,19,m,A,ns,18,15,63,
16/7/2016,DRU-MIN,1,15,1,6,sm,Peromyscus leucopus,192,17,f,A,sm,17,13,61,no
17/7/2016,DRU-MIN,1,15,2,1,lrg,Peromyscus leucopus,192,17,f,A,sm,17,13,61,flea
18/7/2016,DRU-MIN,1,15,3,5,sm,Peromyscus leucopus,192,16,f,A,sm,17,13,61,no
19/7/2016,DRU-MIN,1,15,4,6,sm,Peromyscus leucopus,192,16,f,A,sm,17,13,61,
27/5/2016,DRU-MIN,1,12,4,10,sm,Sigmodon hispidus,193,106,m,A,ns,30,16,95,no
18/7/2016,DRU-MIN,1,15,3,10,sm,Peromyscus attwateri,194,23,m,A,ns,22,20,98,no
19/7/2016,DRU-MIN,1,15,4,10,sm,Peromyscus attwateri,194,23,m,A,ns,22,20,98,
18/7/2016,DRU-MIN,1,15,3,14,lrg,Peromyscus leucopus,195,25,f,A,sm,19,13,62,no
18/7/2016,DRU-MIN,1,15,3,6,sm,Peromyscus attwateri,196,24,f,A,sm,22,19,92,no
18/7/2016,DRU-MIN,1,15,3,7,sm,Peromyscus attwateri,197,20,m,A,ns,22,19,94,no
19/7/2016,DRU-MIN,1,15,4,8,lrg,Peromyscus attwateri,197,20,m,A,ns,22,19,94,
23/5/2016,DRU-MIN,1,14,4,19,lrg,Neotoma floridana,199,144,f,A,sm,,,,
22/5/2016,DRU-MIN,1,14,3,13,sm,Peromyscus leucopus,200,23,m,A,ns,17,13,70,no
23/5/2016,DRU-MIN,1,14,4,10,lrg,Peromyscus leucopus,200,23,m,A,ns,17,13,70,tick
6/7/2016,R RIVER,1,0,1,11,sm,Neotoma floridana,NEW,247,,A,,,,,
6/7/2016,R RIVER,1,0,1,5,lrg,Sigmodon hispidus,NEW,39,m,J,ns,29,13,78,mite
6/7/2016,R RIVER,1,0,1,7,sm,Sigmodon hispidus,NEW,155,m,A,ns,29,15,117,no
6/7/2016,R RIVER,1,0,1,14,sm,Sigmodon hispidus,NEW,36,m,J,ns,25,12,75,mite
6/7/2016,R RIVER,1,0,1,16,sm,Sigmodon hispidus,NEW,30,f,J,sm,24,11,70,mites
6/7/2016,R RIVER,1,0,1,20,sm,Sigmodon hispidus,NEW,150,f,A,sm,27,12,109,no
7/7/2016,R RIVER,1,0,2,4,lrg,Neotoma floridana,NEW,144,m,A,ns,40,,128,flea
7/7/2016,R RIVER,1,0,2,6,lrg,Neotoma floridana,NEW,213,,A,,,,,no 
7/7/2016,R RIVER,1,0,2,21,sm,Peromyscus leucopus,NEW,19,m,A,ns,18,14,70,"tick, mite"
7/7/2016,R RIVER,1,0,2,5,lrg,Sigmodon hispidus,NEW,45,m,J,ns,26,15,77,no
7/7/2016,R RIVER,1,0,2,8,sm,Sigmodon hispidus,NEW,41,m,J,ns,23,13,76,"tick, mite"
7/7/2016,R RIVER,1,0,2,8,sm,Sigmodon hispidus,NEW,160,m,A,ns,26,,111,no
7/7/2016,R RIVER,1,0,2,11,sm,Sigmodon hispidus,NEW,37,m,J,ns,23,15,75,mite
7/7/2016,R RIVER,1,0,2,12,sm,Sigmodon hispidus,NEW,25,m,J,ns,28,15,80,"tick, mite"
7/7/2016,R RIVER,1,0,2,15,lrg,Sigmodon hispidus,NEW,128,m,A,ns,28,14,110,"tick, mite"
8/7/2016,R RIVER,1,0,3,3,sm,Sigmodon hispidus,NEW,111,f,A,sm,25,14,109,no
8/7/2016,R RIVER,1,0,3,9,sm,Sigmodon hispidus,NEW,39,m,J,ns,23,15,78,no
8/7/2016,R RIVER,1,0,3,11,sm,Sigmodon hispidus,NEW,136,f,A,sm,24,15,115,tick
8/7/2016,R RIVER,1,0,3,12,sm,Sigmodon hispidus,NEW,133,f,A,lrg,26,14,104,tick
8/7/2016,R RIVER,1,0,3,13,sm,Sigmodon hispidus,NEW,18,f,J,sm,20,13,58,various
8/7/2016,R RIVER,1,0,3,25,sm,Sigmodon hispidus,NEW,41,f,J,sm,25,14,83,mites
9/7/2016,R RIVER,1,0,4,19,sm,Sigmodon hispidus,NEW,54,m,SA,ns,25,14,77,no
9/7/2016,R RIVER,1,0,4,18,sm,Sigmodon hispidus,NEW,16,f,J,sm,20,13,53,no
9/7/2016,R RIVER,1,0,4,17,sm,Sigmodon hispidus,NEW,19,f,J,sm,19,13,56,no
9/7/2016,R RIVER,1,0,4,12,sm,Sigmodon hispidus,NEW,132,f,A,lrg,26,18,104,no
9/7/2016,R RIVER,1,0,4,11,sm,Sigmodon hispidus,NEW,137,m,A,ns,28,17,113,no
9/7/2016,R RIVER,1,0,4,3,sm,Sigmodon hispidus,NEW,215,m,A,s,31,,120,no
7/7/2016,R RIVER,1,1,1,19,lrg,Neotoma floridana,NEW,176,f,A,sm,,,,flea
7/7/2016,R RIVER,1,1,1,6,sm,Sigmodon hispidus,NEW,64,f,SA,sm,26,13,83,no
7/7/2016,R RIVER,1,1,1,7,sm,Sigmodon hispidus,NEW,23,m,J,ns,23,12,61,no
7/7/2016,R RIVER,1,1,1,9,sm,Sigmodon hispidus,NEW,25,m,J,ns,22,12,61,mite
7/7/2016,R RIVER,1,1,1,12,lrg,Sigmodon hispidus,NEW,128,m,A,ns,22,13,104,no
7/7/2016,R RIVER,1,1,1,25,lrg,Sigmodon hispidus,NEW,188,m,A,ns,26,14,88,mite
8/7/2016,R RIVER,1,1,2,7,sm,Sigmodon hispidus,NEW,27,m,J,ns,28,13,62,various
8/7/2016,R RIVER,1,1,2,9,sm,Sigmodon hispidus,NEW,112,m,A,ns,29,16,106,various
8/7/2016,R RIVER,1,1,2,24,sm,Sylvilagus floridanus,NEW,245,m,J,sm,60,,40,no
9/7/2016,R RIVER,1,1,3,25,lrg,Peromyscus attwateri,NEW,28,f,A,sm,20,19,94,no
9/7/2016,R RIVER,1,1,3,4,sm,Peromyscus leucopus,NEW,20,m,A,ns,188,14,66,no
9/7/2016,R RIVER,1,1,3,5,sm,Sigmodon hispidus,NEW,132,m,A,ns,31,15,111,mite
9/7/2016,R RIVER,1,1,3,7,sm,Sigmodon hispidus,NEW,32,f,J,sm,23,13,69,ticks
9/7/2016,R RIVER,1,1,3,8,sm,Sigmodon hispidus,NEW,60,f,SA,sm,26,14,84,no
9/7/2016,R RIVER,1,1,3,9,sm,Sigmodon hispidus,NEW,60,f,SA,sm,25,15,91,no
9/7/2016,R RIVER,1,1,3,21,sm,Sigmodon hispidus,NEW,116,m,A,ns,31,15,111,no
10/7/2016,R RIVER,1,1,4,3,lrg,Peromyscus leucopus,NEW,17,m,A,ns,17,14,67,no
10/7/2016,R RIVER,1,1,4,1,sm,Peromyscus maniculatus,NEW,19,f,A,sm,18,13,58,no
10/7/2016,R RIVER,1,1,4,12,lrg,Sigmodon hispidus,NEW,68,f,SA,sm,29,14,90,flea
10/7/2016,R RIVER,1,1,4,10,lrg,Sigmodon hispidus,NEW,199,m,A,s,30,16,110,no
10/7/2016,R RIVER,1,2,1,4,sm,Peromyscus attwateri,NEW,23,f,A,sm,22,20,92,various
10/7/2016,R RIVER,1,2,1,6,sm,Peromyscus attwateri,NEW,23,f,A,sm,22,19,98,flea
10/7/2016,R RIVER,1,2,1,23,sm,Peromyscus attwateri,NEW,31,f,A,sm,21,18,103,no
10/7/2016,R RIVER,1,2,1,5,sm,Peromyscus leucopus,NEW,18,f,A,sm,18,14,62,no
10/7/2016,R RIVER,1,2,1,20,sm,Sigmodon hispidus,NEW,57,f,SA,sm,25,15,86,no
11/7/2016,R RIVER,1,2,2,17,sm,Peromyscus attwateri,NEW,23,f,A,sm,21,19,93,no
11/7/2016,R RIVER,1,2,2,25,sm,Peromyscus leucopus,NEW,24,m,A,ns,17,15,70,no
12/7/2016,R RIVER,1,2,3,2,sm,Peromyscus attwateri,NEW,29,m,A,s,22,19,100,no
12/7/2016,R RIVER,1,2,3,20,sm,Peromyscus attwateri,NEW,25,f,A,sm,21,20,94,no
12/7/2016,R RIVER,1,2,3,20,sm,Peromyscus attwateri,NEW,25,m,A,s,22,18,90,no
12/7/2016,R RIVER,1,2,3,22,sm,Peromyscus attwateri,NEW,27,f,A,sm,21,17,99,no
12/7/2016,R RIVER,1,2,3,6,sm,Peromyscus leucopus,NEW,18,m,A,ns,18,15,57,no
12/7/2016,R RIVER,1,2,3,7,lrg,Peromyscus leucopus,NEW,18,f,A,sm,18,13,64,no
12/7/2016,R RIVER,1,2,3,25,sm,Peromyscus leucopus,NEW,28,m,A,ns,19,17,79,bot fly
12/7/2016,R RIVER,1,2,3,11,lrg,Sigmodon hispidus,NEW,68,m,A,s,26,14,85,tick
12/7/2016,R RIVER,1,2,3,21,lrg,Sylvilagus floridanus,NEW,>300,f,J,sm,63,59,42,no
13/7/2016,R RIVER,1,2,4,18,sm,Neotoma floridana,NEW,118,f,A,sm,,,110,flea
13/7/2016,R RIVER,1,2,4,13,sm,Peromyscus attwateri,NEW,24,f,A,sm,23,18,91,no
13/7/2016,R RIVER,1,2,4,10,sm,Peromyscus leucopus,NEW,16,f,A,sm,18,14,59,no
13/7/2016,R RIVER,1,2,4,6,sm,Peromyscus leucopus,NEW,24,f,A,sm,18,14,20,no
13/7/2016,R RIVER,1,2,4,1,sm,Peromyscus leucopus,NEW,27,m,A,ns,18,14,73,no
13/7/2016,R RIVER,1,2,4,17,sm,Peromyscus maniculatus,NEW,20,m,A,ns,18,15,56,no
13/7/2016,R RIVER,1,2,4,18,lrg,Sigmodon hispidus,NEW,108,m,A,s,31,13,102,no
11/7/2016,R RIVER,1,3,1,11,sm,Peromyscus attwateri,NEW,25,f,A,sm,22,19,92,no
11/7/2016,R RIVER,1,3,1,12,sm,Peromyscus attwateri,NEW,26,m,A,ns,21,20,99,no
11/7/2016,R RIVER,1,3,1,15,sm,Sigmodon hispidus,NEW,95,f,A,sm,30,13,99,no
12/7/2016,R RIVER,1,3,2,12,sm,Neotoma floridana,NEW,198,m,A,ns,39,,138,flea
12/7/2016,R RIVER,1,3,2,3,sm,Sigmodon hispidus,NEW,53,m,SA,ns,26,15,84,no
12/7/2016,R RIVER,1,3,2,4,lrg,Sigmodon hispidus,NEW,96,f,A,sm,29,14,102,no
12/7/2016,R RIVER,1,3,2,20,sm,Sigmodon hispidus,NEW,70,f,SA,sm,28,15,93,no
13/7/2016,R RIVER,1,3,3,16,sm,Peromyscus attwateri,NEW,20,m,A,ns ,21,19,88,no
13/7/2016,R RIVER,1,3,3,19,sm,Sigmodon hispidus,NEW,130,m,A,s,27,15,108,tick
13/7/2016,R RIVER,1,3,3,11,lrg,Sylvilagus floridanus,NEW,>300,f,J,sm,60,52,43,no
14/7/2016,R RIVER,1,3,4,25,sm,Sigmodon hispidus,NEW,127,f,A,sm,27,15,102,no
14/7/2016,R RIVER,1,3,4,7,lrg,Sigmodon hispidus,NEW,162,m,A,s,30,16,119,no
14/7/2016,R RIVER,1,3,4,5,sm,Sigmodon hispidus,NEW,94,m,A,ns,27,15,98,no
8/6/2016,CA MTN,1,4,1,4,lrg,Neotoma floridana,NEW,>300,,A,,,,,flea
8/6/2016,CA MTN,1,4,1,13,sm,Peromyscus leucopus,NEW,23,f,A,sm,18,18,64,no
8/6/2016,CA MTN,1,4,1,23,sm,Peromyscus leucopus,NEW,15,f,A,sm,15,15,57,no
8/6/2016,CA MTN,1,4,1,3,sm,Peromyscus maniculatus,NEW,16,m,A,ns,17,18,56,no
9/6/2016,CA MTN,1,4,2,4,lrg,Peromyscus attwateri,NEW,22,m,A,na,22,18,91,no
9/6/2016,CA MTN,1,4,2,10,sm,Peromyscus leucopus,NEW,26,m,A,ns,18,15,63,no
9/6/2016,CA MTN,1,4,2,7,sm,Peromyscus maniculatus,NEW,15,f,A,sm,17,13,55,no
9/6/2016,CA MTN,1,4,2,24,sm,Tamias striatus,NEW,99,m,A,ns,32,12,63,no
10/6/2016,CA MTN,1,4,3,1,lrg,Peromyscus leucopus,NEW,21,f,A,sm,18,16,64,no
10/6/2016,CA MTN,1,4,3,11,sm,Peromyscus leucopus,NEW,16,m,A,ns,18,12,60,no
10/6/2016,CA MTN,1,4,3,3,sm,Peromyscus maniculatus,NEW,18,m,A,ns,18,13,58,flea
10/6/2016,CA MTN,1,4,3,24,sm,Peromyscus maniculatus,NEW,18,m,A,ns,17,14,56,no
11/6/2016,CA MTN,1,4,4,9,sm,Peromyscus leucopus,NEW,15,m,A,ns,17,14,63,flea
11/6/2016,CA MTN,1,4,4,15,lrg,Peromyscus maniculatus,NEW,15,m,A,ns,18,,57,no
3/6/2016,CA MTN,1,5,1,12,sm,Neotoma floridana,NEW,222,m,A,ns,43,,145,flea
3/6/2016,CA MTN,1,5,1,6,sm,Neotoma floridana,NEW,132,m,A,ns,32,24,115,no
3/6/2016,CA MTN,1,5,1,14,sm,Peromyscus leucopus,NEW,38,m,A,ns,20,17,70,no
3/6/2016,CA MTN,1,5,1,21,lrg,Peromyscus maniculatus,NEW,16,f,A,sm,18,13,55,no
4/6/2016,CA MTN,1,5,2,22,lrg,Peromyscus maniculatus,NEW,22,m,A,ns,18,16,59,no
5/6/2016,CA MTN,1,5,3,17,sm,Peromyscus leucopus,NEW,17,f,A,sm,18,13,65,no
5/6/2016,CA MTN,1,5,3,15,sm,Peromyscus leucopus,NEW,17,f,A,sm,19,14,60,no
5/6/2016,CA MTN,1,5,3,4,sm,Peromyscus leucopus,NEW,19,m,A,ns,18,14,67,no
5/6/2016,CA MTN,1,5,3,11,sm,Peromyscus maniculatus,NEW,15,m,A,ns,12,13,58,no
5/6/2016,CA MTN,1,5,3,2,sm,Tamias striatus,NEW,71,f,A,sm,30,11,77,no
6/6/2016,CA MTN,1,5,4,11,sm,Neotoma floridana,NEW,98,f,A,sm,30,23,98,flea
6/6/2016,CA MTN,1,5,4,14,sm,Peromyscus leucopus,NEW,16,m,A,ns,18,13,61,no
6/6/2016,CA MTN,1,5,4,23,sm,Peromyscus maniculatus,NEW,17,f,A,sm,18,14,5,flea
6/6/2016,CA MTN,1,5,4,13,lrg,Peromyscus maniculatus,NEW,21,m,A,ns,19,19,58,no
6/6/2016,CA MTN,1,5,4,2,sm,Sigmodon hispidus,NEW,149,m,A,ns,29,18,109,no
2/6/2016,CA MTN,1,6,1,24,sm,Peromyscus leucopus,NEW,14,f,A,sm,16,14,55,flea
2/6/2016,CA MTN,1,6,1,17,sm,Peromyscus maniculatus,NEW,18,m,A,ns,17,17,58,no
3/6/2016,CA MTN,1,6,2,10,lrg,Neotoma floridana,NEW,,m,A,s,38,24,150,flea
3/6/2016,CA MTN,1,6,2,14,sm,Reithrodontomys fulvescens,NEW,10,m,A,s,19,11,90,no
3/6/2016,CA MTN,1,6,2,16,sm,Sigmodon hispidus,NEW,130,f,A,sm,27,18,100,no
4/6/2016,CA MTN,1,6,3,24,sm,Peromyscus maniculatus,NEW,24,m,A,ns,19,13,58,no
4/6/2016,CA MTN,1,6,3,177,sm,Sigmodon hispidus,NEW,25,m,J,ns,22,11,69,no
4/6/2016,CA MTN,1,6,3,17,sm,Sigmodon hispidus,NEW,21,m,J,ns,22,13,68,mite
4/6/2016,CA MTN,1,6,3,14,sm,Sigmodon hispidus,NEW,160,m,A,s,31,19,124,no
4/6/2016,CA MTN,1,6,3,13,lrg,Sigmodon hispidus,NEW,30,m,J,ns,20,12,67,many
5/6/2016,CA MTN,1,6,4,10,lrg,Neotoma floridana,NEW,267,m,A,s,,,,no
5/6/2016,CA MTN,1,6,4,18,sm,Sigmodon hispidus,NEW,32,f,J,sm,20,10,65,no
9/6/2016,CA MTN,1,7,1,12,lrg,Peromyscus leucopus,NEW,21,f,A,sm,19,15,67,no
9/6/2016,CA MTN,1,7,1,25,sm,Peromyscus leucopus,NEW,17,m,A,ns,17,14,62,no
9/6/2016,CA MTN,1,7,1,8,lrg,Peromyscus maniculatus,NEW,18,f,A,sm,17,13,60,no
10/6/2016,CA MTN,1,7,2,21,sm,Peromyscus attwateri,NEW,23,f,A,sm,22,19,91,no
10/6/2016,CA MTN,1,7,2,8,lrg,Peromyscus leucopus,NEW,26,m,A,ns,18,13,68,no
10/6/2016,CA MTN,1,7,2,5,lrg,Sigmodon hispidus,NEW,40,m,J,ns,24,13,73,no
11/6/2016,CA MTN,1,7,3,20,sm,Peromyscus attwateri,NEW,26,m,A,ns,21,19,95,no
11/6/2016,CA MTN,1,7,3,5,lrg,Sigmodon hispidus,NEW,42,f,J,sm,25,10,71,tick
11/6/2016,CA MTN,1,7,3,6,lrg,Sigmodon hispidus,NEW,136,m,A,ns,28,14,94,no
11/6/2016,CA MTN,1,7,3,16,sm,Sigmodon hispidus,NEW,196,,A,,,,,no
11/6/2016,CA MTN,1,7,3,19,sm,Sigmodon hispidus,NEW,41,m,J,ns,26,12,77,no
11/6/2016,CA MTN,1,7,3,22,lrg,Sigmodon hispidus,NEW,127,f,A,sm,28,15,99,mites (2)
12/6/2016,CA MTN,1,7,4,15,sm,Sigmodon hispidus,NEW,135,f,A,sm,28,13,98,no
12/6/2016,CA MTN,1,7,4,19,sm,Sigmodon hispidus,NEW,55,f,SA,sm,25,13,80,no
12/6/2016,CA MTN,1,7,4,20,sm,Sigmodon hispidus,NEW,41,m,J,ns,24,14,75,no
17/6/2016,MTNF,1,8,2,15,lrg,Sigmodon hispidus,NEW,67,f,SA,sm,27,10,90,no
18/6/2016,MTNF,1,8,3,24,lrg,Neotoma floridana,NEW,217,,A,,,,,flea
18/6/2016,MTNF,1,8,3,23,sm,Peromyscus attwateri,NEW,28,f,A,sm,22,19,95,no
19/6/2016,MTNF,1,8,4,25,sm,Peromyscus attwateri,NEW,22,m,A,ns,23,18,93,no
19/6/2016,MTNF,1,8,4,22,sm,Peromyscus attwateri,NEW,19,m,A,ns,21,20,91,no
22/6/2016,MTNF,1,9,1,23,lrg,Peromyscus attwateri,NEW,24,m,A,ns,22,20,93,no
23/6/2016,MTNF,1,9,2,8,sm,Peromyscus attwateri,NEW,22,f,A,sm,22,18,92,no
24/6/2016,MTNF,1,9,3,22,sm,Neotoma floridana,NEW,124,m,A,ns,35,18,116,fleas (5)
24/6/2016,MTNF,1,9,3,11,sm,Peromyscus attwateri,NEW,21,f,A,sm,22,18,91,no
24/6/2016,MTNF,1,9,3,25,lrg,Peromyscus attwateri,NEW,28,m,A,s,22,18,85,no
25/6/2016,MTNF,1,9,4,23,lrg,Neotoma floridana,NEW,>300,m,A,ns,37,,153,flea
25/6/2016,MTNF,1,9,4,25,lrg,Peromyscus attwateri,NEW,23,f,A,sm,22,19,103,no
25/6/2016,MTNF,1,9,4,15,lrg,Peromyscus attwateri,NEW,41,f,A,sm,21,20,96,no
25/6/2016,MTNF,1,9,4,14,sm,Peromyscus attwateri,NEW,32,m,A,s,22,20,98,flea (?)
17/6/2016,MTNF,1,10,1,23,sm,Peromyscus attwateri,NEW,19,m,A,ns,21,18,89,no
18/6/2016,MTNF,1,10,2,8,sm,Peromyscus attwateri,NEW,21,m,A,ns,21,19,90,no
20/6/2016,MTNF,1,10,4,25,lrg,Peromyscus attwateri,NEW,22,m,A,ns,21,19,91,no
21/5/2016,DRU-MIN,1,13,1,2,sm,Reithrodontomys fulvescens,NEW,12,m,A,ns,11,11,100,no
23/5/2016,DRU-MIN,1,13,3,5,sm,Sigmodon hispidus,NEW,70,f,A,sm,30,18,105,no
20/5/2016,DRU-MIN,1,14,1,19,sm,Peromyscus leucopus,NEW,,f,A,sm,20,12,59,tick
22/5/2016,DRU-MIN,1,14,3,13,sm,Peromyscus maniculatus,NEW,22,m,A,ns,19,14,59,no
23/5/2016,DRU-MIN,1,14,4,12,sm,Tamias striatus,NEW,90,f,A,sm,,,,
7/7/2016,R RIVER,1,0,2,3,sm,Sigmodon hispidus,RECAP,151,m,A,ns,27,15,114,no
7/7/2016,R RIVER,1,0,2,16,sm,Sigmodon hispidus,RECAP,34,f,J,sm,29,13,72,mite
7/7/2016,R RIVER,1,0,2,18,sm,Sigmodon hispidus,RECAP,141,f,A,sm,28,16,110,no
8/7/2016,R RIVER,1,0,3,5,sm,Neotoma floridana,RECAP,135,m,A,ns,40,,128,fleas
8/7/2016,R RIVER,1,0,3,12,sm,Neotoma floridana,RECAP,207,,A,,,,,no
8/7/2016,R RIVER,1,0,3,21,sm,Peromyscus leucopus,RECAP,19,m,A,ns,18,15,71,no
8/7/2016,R RIVER,1,0,3,4,lrg,Sigmodon hispidus,RECAP,42,m,J,ns,24,14,83,no
8/7/2016,R RIVER,1,0,3,5,lrg,Sigmodon hispidus,RECAP,155,m,A,ns,30,,116,no
8/7/2016,R RIVER,1,0,3,9,sm,Sigmodon hispidus,RECAP,39,m,J,ns,23,13,76,no
8/7/2016,R RIVER,1,0,3,14,sm,Sigmodon hispidus,RECAP,139,f,A,lrg,27,16,104,no
8/7/2016,R RIVER,1,0,3,16,sm,Sigmodon hispidus,RECAP,34,f,J,sm,23,14,77,mites
8/7/2016,R RIVER,1,0,3,21,lrg,Sigmodon hispidus,RECAP,145,f,A,sm,28,14,106,no
9/7/2016,R RIVER,1,0,4,12,sm,Neotoma floridana,RECAP,202,,A,,,,,no
9/7/2016,R RIVER,1,0,4,24,sm,Peromyscus leucopus,RECAP,19,m,A,ns,18,14,70,no
9/7/2016,R RIVER,1,0,4,22,sm,Sigmodon hispidus,RECAP,151,f,A,sm,27,17,115,no
9/7/2016,R RIVER,1,0,4,18,lrg,Sigmodon hispidus,RECAP,150,m,A,ns,30,14,104,no
9/7/2016,R RIVER,1,0,4,9,sm,Sigmodon hispidus,RECAP,39,m,J,ns,25,13,76,no
9/7/2016,R RIVER,1,0,4,5,lrg,Sigmodon hispidus,RECAP,44,f,J,sm,17,16,78,no
9/7/2016,R RIVER,1,0,4,4,lrg,Sigmodon hispidus,RECAP,54,m,SA,ns,27,16,82,no
8/7/2016,R RIVER,1,1,2,19,lrg,Neotoma floridana,RECAP,168,f,A,sm,,,,no
8/7/2016,R RIVER,1,1,2,6,sm,Sigmodon hispidus,RECAP,55,f,SA,sm,27,13,82,no
8/7/2016,R RIVER,1,1,2,7,sm,Sigmodon hispidus,RECAP,143,f,A,sm,28,,110,no
8/7/2016,R RIVER,1,1,2,22,sm,Sigmodon hispidus,RECAP,86,f,A,sm,27,15,87,various
9/7/2016,R RIVER,1,1,3,19,lrg,Neotoma floridana,RECAP,167,f,A,sm,,,,flea
9/7/2016,R RIVER,1,1,3,6,sm,Sigmodon hispidus,RECAP,116,m,A,s,27,16,106,no
9/7/2016,R RIVER,1,1,3,7,sm,Sigmodon hispidus,RECAP,129,m,J,ns,23,13,68,no
9/7/2016,R RIVER,1,1,3,8,lrg,Sigmodon hispidus,RECAP,32,m,J,ns,21,13,63,ticks
9/7/2016,R RIVER,1,1,3,18,lrg,Sigmodon hispidus,RECAP,34,m,J,ns,23,15,69,ticks
9/7/2016,R RIVER,1,1,3,19,sm,Sigmodon hispidus,RECAP,117,f,A,lrg,28,,101,no
10/7/2016,R RIVER,1,1,4,24,sm,Peromyscus attwateri,RECAP,24,f,A,sm,20,18,95,no
10/7/2016,R RIVER,1,1,4,5,sm,Peromyscus leucopus,RECAP,20,m,A,ns,18,14,66,no
10/7/2016,R RIVER,1,1,4,19,sm,Sigmodon hispidus,RECAP,118,f,A,lrg,25,16,99,no
10/7/2016,R RIVER,1,1,4,18,lrg,Sigmodon hispidus,RECAP,33,m,J,ns,22,15,67,no
10/7/2016,R RIVER,1,1,4,14,sm,Sigmodon hispidus,RECAP,141,m,A,s,28,15,116,no
10/7/2016,R RIVER,1,1,4,11,sm,Sigmodon hispidus,RECAP,61,f,SA,sm,26,14,89,no
10/7/2016,R RIVER,1,1,4,9,sm,Sigmodon hispidus,RECAP,29,m,J,ns,22,13,64,tick
10/7/2016,R RIVER,1,1,4,8,lrg,Sigmodon hispidus,RECAP,28,m,J,ns,24,13,66,tick
10/7/2016,R RIVER,1,1,4,6,sm,Sigmodon hispidus,RECAP,61,f,SA,sm,26,15,82,no
11/7/2016,R RIVER,1,2,2,3,sm,Peromyscus attwateri,RECAP,22,f,A,sm,21,20,96,no
11/7/2016,R RIVER,1,2,2,23,sm,Peromyscus attwateri,RECAP,29,f,A,sm,22,18,102,no
11/7/2016,R RIVER,1,2,2,21,sm,Sigmodon hispidus,RECAP,60,f,SA,sm,26,16,85,no
12/7/2016,R RIVER,1,2,3,19,sm,Peromyscus attwateri,RECAP,21,f,A,sm,22,20,94,no
12/7/2016,R RIVER,1,2,3,25,sm,Peromyscus leucopus,RECAP,23,m,A,ns,18,15,69,no
13/7/2016,R RIVER,1,2,4,23,sm,Peromyscus attwateri,RECAP,26,f,A,sm,22,20,103,no
13/7/2016,R RIVER,1,2,4,20,sm,Peromyscus attwateri,RECAP,25,f,A,sm,22,18,95,no
13/7/2016,R RIVER,1,2,4,20,sm,Peromyscus attwateri,RECAP,22,f,A,sm,22,19,90,no
13/7/2016,R RIVER,1,2,4,3,sm,Peromyscus attwateri,RECAP,29,m,A,s,22,20,101,no
13/7/2016,R RIVER,1,2,4,25,sm,Peromyscus leucopus,RECAP,21,m,A,ns,18,15,69,no
13/7/2016,R RIVER,1,2,4,7,sm,Peromyscus leucopus,RECAP,19,m,A,ns,18,14,59,no
13/7/2016,R RIVER,1,2,4,1,sm,Sigmodon hispidus,RECAP,69,m,A,s,27,15,87,no
13/7/2016,R RIVER,1,3,3,8,sm,Peromyscus attwateri,RECAP,22,f,A,sm,22,18,92,no
13/7/2016,R RIVER,1,3,3,9,sm,Peromyscus attwateri,RECAP,27,m,A,ns,21,20,99,no
13/7/2016,R RIVER,1,3,3,5,sm,Sigmodon hispidus,RECAP,100,f,A,sm,29,14,104,no
14/7/2016,R RIVER,1,3,4,10,sm,Peromyscus attwateri,RECAP,22,f,A,sm,23,18,92,no
14/7/2016,R RIVER,1,3,4,10,sm,Peromyscus attwateri,RECAP,25,m,A,ns,22,19,98,no
14/7/2016,R RIVER,1,3,4,23,sm,Sigmodon hispidus,RECAP,93,f,A,sm,26,13,100,no
9/6/2016,CA MTN,1,4,2,11,lrg,Peromyscus leucopus,RECAP,22,f,A,sm,18,13,66,no
9/6/2016,CA MTN,1,4,2,5,lrg,Peromyscus maniculatus,RECAP,15,m,A,na,17,15,56,no
9/6/2016,CA MTN,1,4,2,25,sm,Peromyscus maniculatus,RECAP,13,f,A,sm,18,14,57,no
10/6/2016,CA MTN,1,4,3,4,lrg,Peromyscus attwateri,RECAP,37,m,A,ns,21,18,91,no
10/6/2016,CA MTN,1,4,3,13,sm,Peromyscus leucopus,RECAP,23,m,A,ns,18,14,60,no
10/6/2016,CA MTN,1,4,3,3,sm,Peromyscus maniculatus,RECAP,14,m,A,ns,17,15,56,no
10/6/2016,CA MTN,1,4,3,8,sm,Peromyscus maniculatus,RECAP,14,f,A,sm,17,13,55,no
10/6/2016,CA MTN,1,4,3,23,sm,Peromyscus maniculatus,RECAP,14,f,A,sm,18,15,58,no
10/6/2016,CA MTN,1,4,3,15,lrg,Tamias striatus,RECAP,100,m,A,ns,32,12,60,no
11/6/2016,CA MTN,1,4,4,4,sm,Neotoma floridana,RECAP,>300,,A,,,,,no
11/6/2016,CA MTN,1,4,4,3,sm,Peromyscus attwateri,RECAP,23,m,A,ns,22,18,91,no
11/6/2016,CA MTN,1,4,4,21,sm,Peromyscus leucopus,RECAP,16,f,A,sm,19,15,60,no
11/6/2016,CA MTN,1,4,4,8,sm,Peromyscus leucopus,RECAP,22,m,A,s,18,13,64,no
11/6/2016,CA MTN,1,4,4,23,sm,Peromyscus maniculatus,RECAP,18,m,A,ns,18,15,55,no
11/6/2016,CA MTN,1,4,4,3,sm,Peromyscus maniculatus,RECAP,16,m,A,ns,17,15,58,no
4/6/2016,CA MTN,1,5,2,10,lrg,Neotoma floridana,RECAP,238,m,A,ns,43,,145,no
4/6/2016,CA MTN,1,5,2,14,lrg,Peromyscus leucopus,RECAP,22,m,A,ns,19,14,70,no
5/6/2016,CA MTN,1,5,3,9,lrg,Neotoma floridana,RECAP,238,m,A,ns,43,,145,no
5/6/2016,CA MTN,1,5,3,13,lrg,Peromyscus leucopus,RECAP,28,m,A,ns,18,12,70,no
5/6/2016,CA MTN,1,5,3,19,sm,Peromyscus maniculatus,RECAP,19,m,A,ns,17,14,58,no
6/6/2016,CA MTN,1,5,4,9,sm,Neotoma floridana,RECAP,232,m,A,ns,,,,no
6/6/2016,CA MTN,1,5,4,14,sm,Peromyscus leucopus,RECAP,19,f,A,ns,18,17,65,no
6/6/2016,CA MTN,1,5,4,12,sm,Peromyscus leucopus,RECAP,26,m,A,ns,19,17,70,no
6/6/2016,CA MTN,1,5,4,7,sm,Peromyscus leucopus,RECAP,17,m,A,ns,17,14,65,no
6/6/2016,CA MTN,1,5,4,10,sm,Peromyscus maniculatus,RECAP,16,m,A,ns,18,14,59,no
6/6/2016,CA MTN,1,5,4,3,sm,Tamias striatus,RECAP,81,f,A,sm,30,11,80,no
3/6/2016,CA MTN,1,6,2,24,sm,Peromyscus leucopus,RECAP,15,m,A,ns,17,14,57,no
3/6/2016,CA MTN,1,6,2,13,sm,Peromyscus maniculatus,RECAP,20,m,A,ns,17,13,62,no
4/6/2016,CA MTN,1,6,3,13,sm,Sigmodon hispidus,RECAP,141,f,A,lrg,27,19,115,mite
5/6/2016,CA MTN,1,6,4,20,lrg,Sigmodon hispidus,RECAP,29,m,J,ns,21,11,70,no
10/6/2016,CA MTN,1,7,2,10,sm,Peromyscus leucopus,RECAP,20,f,A,sm,19,14,65,no
10/6/2016,CA MTN,1,7,2,12,lrg,Peromyscus leucopus,RECAP,16,f,A,sm,17,15,60,no
11/6/2016,CA MTN,1,7,3,21,sm,Peromyscus attwateri,RECAP,22,f,A,sm,21,18,90,no
11/6/2016,CA MTN,1,7,3,8,sm,Peromyscus leucopus,RECAP,23,m,A,ns,18,13,67,no
11/6/2016,CA MTN,1,7,3,9,lrg,Peromyscus leucopus,RECAP,23,f,A,sm,18,17,67,no
11/6/2016,CA MTN,1,7,3,13,lrg,Peromyscus maniculatus,RECAP,17,f,A,sm,17,14,59,no
11/6/2016,CA MTN,1,7,4,5,sm,Sigmodon hispidus,RECAP,133,m,A,ns,27,16,97,no
12/6/2016,CA MTN,1,7,4,19,sm,Peromyscus attwateri,RECAP,26,m,A,ns,22,18,95,no
12/6/2016,CA MTN,1,7,4,21,sm,Peromyscus attwateri,RECAP,22,f,A,sm,21,19,89,no
12/6/2016,CA MTN,1,7,4,10,sm,Peromyscus leucopus,RECAP,18,f,A,sm,18,16,68,no
12/6/2016,CA MTN,1,7,4,12,lrg,Peromyscus leucopus,RECAP,23,m,A,ns,17,16,69,no
12/6/2016,CA MTN,1,7,4,8,lrg,Peromyscus maniculatus,RECAP,15,f,A,sm,18,14,61,no
12/6/2016,CA MTN,1,7,4,20,lrg,Sigmodon hispidus,RECAP,39,m,J,ns,22,15,74,no
19/6/2016,MTNF,1,8,4,24,sm,Peromyscus attwateri,RECAP,27,f,A,sm,21,18,97,no
23/6/2016,MTNF,1,9,2,23,lrg,Peromyscus attwateri,RECAP,23,m,A,ns,22,20,94,no
24/6/2016,MTNF,1,9,3,5,sm,Peromyscus attwateri,RECAP,25,f,A,sm,22,19,95,no
25/6/2016,MTNF,1,9,4,10,sm,Peromyscus attwateri,RECAP,23,f,A,sm,22,19,91,no
25/6/2016,MTNF,1,9,4,6,sm,Peromyscus attwateri,RECAP,25,f,A,sm,22,18,94,no
18/6/2016,MTNF,1,10,2,21,sm,Peromyscus attwateri,RECAP,19,m,A,ns,21,19,88,mite
19/6/2016,MTNF,1,10,3,8,sm,Peromyscus attwateri,RECAP,20,f,A,sm,21,18,90,no
19/6/2016,MTNF,1,10,3,15,sm,Peromyscus attwateri,RECAP,21,m,A,ns,21,18,91,no
19/6/2016,MTNF,1,10,3,25,lrg,Peromyscus attwateri,RECAP,18,m,A,ns,21,17,85,no
20/6/2016,MTNF,1,10,4,18,lrg,Peromyscus attwateri,RECAP,18,m,A,ns,21,17,86,no
20/6/2016,MTNF,1,10,4,18,sm,Peromyscus attwateri,RECAP,19,m,A,ns,21,19,88,no
20/6/2016,MTNF,1,10,4,8,sm,Peromyscus attwateri,RECAP,20,f,A,sm,21,18,91,no
24/5/2016,DRU-MIN,1,13,4,4,sm,Sigmodon hispidus,RECAP,15,f,A,sm,30,18,105,flea
23/7/2017,DMCA,2,31,2,11,sm,Sigmodon hispidus,322A,45,M,J,ns,25,13,83,mites
24/7/2017,DMCA,2,31,3,14,sm,Sigmodon hispidus,322A,45,M,J,ns,25,13,83,no
25/7/2017,DMCA,2,31,4,13,lg,Sigmodon hispidus,322A,45,M,J,ns,25,13,83,no
24/7/2017,DMCA,2,31,3,7,sm,Neotoma floridana,323A,225,F,A,sm,,,,no
21/7/2017,DMCA,2,30,1,2,sm,Sigmodon hispidus,324A,145,M,A,ns,28,14,110,no
21/7/2017,DMCA,2,30,1,15,sm,Sigmodon hispidus,325A,39,M,J,ns,26,13,77,mites
24/7/2017,DMCA,2,30,4,4,sm,Reithrodontomys fulvescens,326A,13,M,A,s,18,10,85,no
26/7/2017,DMCA,2,27,1,12,sm,Peromyscus attwateri,344A,26,M,A,s,22,22,103,no
29/7/2017,DMCA,2,27,4,12,sm,Peromyscus attwateri,344A,26,M,A,s,22,22,103,no
25/7/2017,DMCA,2,29,1,12,sm,Peromyscus leucopus,352A,25,M,A,ns,20,17,74,no
23/7/2017,DMCA,2,30,3,13,sm,Neotoma floridana,376A,16,M,A,s,17,13,89,no
24/7/2017,DMCA,2,30,4,7,lg,Reithrodontomys fulvescens,376A,16,M,A,s,17,13,89,no
26/7/2017,DMCA,2,27,1,13,sm,Neotoma floridana,377A,149,F,A,sm,35,,132,flea
28/7/2017,DMCA,2,27,3,12,lg,Neotoma floridana,377A,149,F,A,sm,35,,132,fleas
24/7/2017,DMCA,2,30,4,3,sm,Sigmodon hispidus,378A,72,F,SA,sm,27,16,97,mites
27/7/2017,DMCA,2,27,2,24,lg,Neotoma floridana,385A,174,F,A,sm,39,28,135,no
23/7/2017,DMCA,2,30,3,10,sm,Reithrodontomys fulvescens,387A,120,,A,,,,,no
24/7/2017,DMCA,2,30,4,9,lg,Sigmodon hispidus,388A,132,M,A,ns,28,14,104,mites
23/7/2017,DMCA,2,30,3,2,sm,Sigmodon hispidus,389A,197,M,A,ns,28,18,60,mites
24/7/2017,DMCA,2,31,3,16,sm,Sigmodon hispidus,390A,135,M,A,ns,29,15,53,mites
25/7/2017,DMCA,2,31,4,17,sm,Sigmodon hispidus,390A,135,M,A,ns,29,15,53,no
23/7/2017,DMCA,2,31,2,23,sm,Sigmodon hispidus,391A,182,M,A,ns,28,17,107,tick
24/7/2017,DMCA,2,30,4,5,sm,Sigmodon hispidus,392A,70,M,SA,ns,25,14,101,mites
22/7/2017,DMCA,2,31,1,19,sm,Sigmodon hispidus,393A,39,F,J,sm,25,15,76,mite
23/7/2017,DMCA,2,31,2,17,lg,Sigmodon hispidus,393A,39,F,J,sm,25,15,76,no
24/7/2017,DMCA,2,31,3,18,sm,Sigmodon hispidus,393A,39,F,J,sm,25,15,76,no
22/7/2017,DMCA,2,31,1,16,sm,Sigmodon hispidus,394A,51,F,SA,sm,28,15,86,mite
22/7/2017,DMCA,2,31,1,14,sm,Sigmodon hispidus,395A,140,F,A,sm,26,17,105,"mite, tick"
24/7/2017,DMCA,2,31,3,15,lg,Sigmodon hispidus,395A,140,F,A,sm,26,17,105,no
23/7/2017,DMCA,2,31,2,20,sm,Sigmodon hispidus,396A,146,M,A,ns,25,19,98,mites
24/7/2017,DMCA,2,31,3,4,lg,Sigmodon hispidus,398A,134,F,A,sm,25,17,97,mites
24/7/2017,DMCA,2,31,3,23,sm,Sigmodon hispidus,399A,45,F,J,sm,27,13,79,mites
23/7/2017,DMCA,2,31,2,6,lg,Sigmodon hispidus,400A,48,M,J,ns,25,15,84,mites
24/7/2017,DMCA,2,31,3,2,lg,Sigmodon hispidus,400A,48,M,J,ns,25,15,84,no
25/7/2017,DMCA,2,31,4,5,sm,Sigmodon hispidus,400A,48,M,J,ns,25,15,84,no
1/7/2017,RRSP,2,16,1,19,sm,Peromyscus leucopus,NEW,17,F,A,sm,17,14,65,no
1/7/2017,RRSP,2,16,1,16,sm,Peromyscus leucopus,NEW,22,M,A,ns,18,16,72,no
1/7/2017,RRSP,2,16,1,14,sm,Sigmodon hispidus,NEW,100,M,A,ns,29,19,99,mites
1/7/2017,RRSP,2,16,1,1,sm,Sigmodon hispidus,NEW,21,F,J,sm,21,10,60,mites
2/7/2017,RRSP,2,16,2,1,sm,Peromyscus leucopus,NEW,22,M,A,ns,19,17,69,bot fly (DNC)
2/7/2017,RRSP,2,16,2,16,sm,Sigmodon hispidus,NEW,119,F,A,sm,28,11,112,no
2/7/2017,RRSP,2,16,2,8,sm,Sigmodon hispidus,NEW,159,M,A,ns,29,18,102,mites
2/7/2017,RRSP,2,16,2,8,lg,Sigmodon hispidus,NEW,63,F,SA,sm,25,12,91,mites
2/7/2017,RRSP,2,16,2,6,sm,Sigmodon hispidus,NEW,18,F,J,sm,18,14,56,mites
2/7/2017,RRSP,2,16,2,1,sm,Sigmodon hispidus,NEW,23,F,J,sm,20,9,61,mites
3/7/2017,RRSP,2,16,3,1,sm,Peromyscus leucopus,NEW,23,F,A,sm,18,14,70,no
3/7/2017,RRSP,2,16,3,17,sm,Peromyscus maniculatus,NEW,18,F,A,sm,19,13,59,flea
3/7/2017,RRSP,2,16,3,2,sm,Sigmodon hispidus,NEW,23,F,J,sm,18,15,56,"tick, mites"
4/7/2017,RRSP,2,16,4,20,sm,Peromyscus leucopus,NEW,30,M,A,ns,18,12,80,no
4/7/2017,RRSP,2,16,4,1,sm,Sigmodon hispidus,NEW,140,F,A,lg,25,14,112,mites
2/7/2017,RRSP,2,17,1,21,sm,Sigmodon hispidus,NEW,145,M,A,ns,29,13,116,mites
2/7/2017,RRSP,2,17,1,14,sm,Sigmodon hispidus,NEW,64,F,SA,sm,26,15,99,mites
3/7/2017,RRSP,2,17,2,25,lg,Neotoma floridana,NEW,150,F,A,sm,35,,135,"fleas, bot fly (DNC)"
3/7/2017,RRSP,2,17,2,20,sm,Sigmodon hispidus,NEW,79,M,A,ns,30,12,105,mites
3/7/2017,RRSP,2,17,2,17,sm,Sigmodon hispidus,NEW,90,M,A,ns,24,14,92,mites
3/7/2017,RRSP,2,17,2,12,sm,Sigmodon hispidus,NEW,176,M,A,ns,28,,109,no
4/7/2017,RRSP,2,17,3,19,lg,Sigmodon hispidus,NEW,89,F,A,sm,27,14,90,no
5/7/2017,RRSP,2,18,1,13,sm,Peromyscus attwateri,NEW,33,F,A,sm,23,22,106,no
5/7/2017,RRSP,2,18,1,23,sm,Sigmodon hispidus,NEW,136,F,A,sm,26,16,99,mites
5/7/2017,RRSP,2,18,1,18,sm,Sigmodon hispidus,NEW,22,F,J,sm,18,12,76,mites
5/7/2017,RRSP,2,18,1,14,lg,Sigmodon hispidus,NEW,169,F,A,sm,27,18,106,mites
5/7/2017,RRSP,2,18,1,6,sm,Sigmodon hispidus,NEW,189,M,A,ns,32,23,122,tick
6/7/2017,RRSP,2,18,2,11,lg,Sigmodon hispidus,NEW,76,M,A,ns,28,17,92,tick
7/7/2017,RRSP,2,18,3,1,sm,Peromyscus attwateri,NEW,33,F,A,sm,22,21,98,no
7/7/2017,RRSP,2,18,3,22,sm,Sigmodon hispidus,NEW,14,F,J,sm,20,16,53,no
7/7/2017,RRSP,2,18,3,15,lg,Sigmodon hispidus,NEW,145,M,A,ns,28,17,107,tick
7/7/2017,RRSP,2,18,3,11,lg,Sigmodon hispidus,NEW,82,F,A,sm,24,16,91,"mite, tick"
8/7/2017,RRSP,2,18,4,18,sm,Neotoma floridana,NEW,110,M,A,ns,34,25,121,"fleas, bot fly (DNC)"
8/7/2017,RRSP,2,18,4,11,lg,Sigmodon hispidus,NEW,36,M,J,ns,26,16,73,"mite, tick"
8/7/2017,RRSP,2,18,4,3,lg,Sigmodon hispidus,NEW,201,M,A,ns,29,19,101,mites
5/7/2017,RRSP,2,19,1,21,lg,Peromyscus attwateri,NEW,28,F,A,sm,23,22,108,no
5/7/2017,RRSP,2,19,1,24,lg,Sigmodon hispidus,NEW,46,M,J,ns,25,11,92,"tick, mites"
7/7/2017,RRSP,2,19,3,21,sm,Peromyscus attwateri,NEW,26,M,A,ns,23,21,95,no
7/7/2017,RRSP,2,19,3,5,sm,Peromyscus attwateri,NEW,21,F,A,sm,21,20,92,no
8/7/2017,RRSP,2,19,4,16,sm,Peromyscus attwateri,NEW,24,M,A,ns,22,20,95,no
8/7/2017,RRSP,2,19,4,7,sm,Peromyscus attwateri,NEW,19,M,A,ns,21,21,88,no
8/7/2017,RRSP,2,19,4,8,sm,Sigmodon hispidus,NEW,51,M,SA,ns,25,14,82,mite
8/7/2017,RRSP,2,19,4,1,sm,Sigmodon hispidus,NEW,131,M,A,ns,29,18,111,no
3/6/2017,CMCA,2,20,2,2,sm,Peromyscus leucopus,NEW,13,F,J,sm,17,13,63,no
3/6/2017,CMCA,2,20,2,21,sm,Peromyscus maniculatus,NEW,18,M,A,ns,18,14,56,no
4/6/2017,CMCA,2,20,3,2,sm,Peromyscus leucopus,NEW,24,M,A,ns,19,16,68,no
3/6/2017,CMCA,2,21,1,17,sm,Peromyscus leucopus,NEW,16,F,A,sm,19,15,65,no
3/6/2017,CMCA,2,21,1,10,sm,Peromyscus leucopus,NEW,22,M,A,ns,19,16,70,no
4/6/2017,CMCA,2,21,2,17,lg,Peromyscus leucopus,NEW,24,M,A,ns,18,17,64,tick
4/6/2017,CMCA,2,21,2,15,sm,Peromyscus leucopus,NEW,22,F,A,sm,18,15,71,tick
4/6/2017,CMCA,2,21,2,21,sm,Peromyscus maniculatus,NEW,15,F,A,sm,18,13,54,no
8/6/2017,CMCA,2,22,1,13,sm,Peromyscus leucopus,NEW,18,F,A,sm,20,13,66,no
8/6/2017,CMCA,2,22,1,24,sm,Peromyscus maniculatus,NEW,16,F,A,sm,18,15,58,no
8/6/2017,CMCA,2,22,1,8,sm,Peromyscus maniculatus,NEW,13,F,A,sm,17,15,53,no
9/6/2017,CMCA,2,22,2,15,lg,Peromyscus leucopus,NEW,18,M,A,ns,17,15,65,no
9/6/2017,CMCA,2,22,2,6,lg,Peromyscus maniculatus,NEW,19,M,A,ns,17,14,51,no
10/6/2017,CMCA,2,22,3,24,sm,Peromyscus maniculatus,NEW,20,M,A,ns,17,16,59,no
11/6/2017,CMCA,2,22,4,12,sm,Neotoma floridana,NEW,120,F,A,sm,31,21,118,flea
15/7/2017,MTNF,2,24,4,16,lg,Neotoma floridana,NEW,236,M,A,ns,,,147,fleas
28/5/2017,MTNF,2,25,2,19,sm,Peromyscus attwateri,NEW,27,F,A,sm,22,20,101,no
28/5/2017,MTNF,2,25,2,21,sm,Peromyscus attwateri,NEW,26,M,A,ns,22,21,92,no
28/5/2017,MTNF,2,25,2,10,sm,Peromyscus attwateri,NEW,,M,A,ns,22,,102,no
29/5/2017,MTNF,2,25,3,22,sm,Neotoma floridana,NEW,138,F,A,sm,32,22,93,bot fly; fleas
29/5/2017,MTNF,2,25,3,1,lg,Peromyscus attwateri,NEW,24,F,A,sm,22,19,95,no
29/5/2017,MTNF,2,25,3,10,lg,Peromyscus attwateri,NEW,36,M,A,s,23,23,103,no
29/5/2017,MTNF,2,25,3,23,sm,Peromyscus attwateri,NEW,21,M,A,ns,23,21,95,no
29/5/2017,MTNF,2,25,3,22,sm,Peromyscus attwateri,NEW,21,M,A ,ns,22,20,93,no
29/5/2017,MTNF,2,25,3,21,sm,Sylvilagus floridanus,NEW,261,F,J,sm,56,,34,no 
30/5/2017,MTNF,2,25,4,8,sm,Peromyscus attwateri,NEW,19,M,A ,ns,21,19,91,no
30/5/2017,MTNF,2,25,4,20,sm,Peromyscus attwateri,NEW,,F,A ,sm,22,20,95,no
30/5/2017,MTNF,2,25,4,23,sm,Peromyscus attwateri,NEW,13,M,A ,ns,21,22,94,flea
27/5/2017,MTNF,2,26,1,23,sm,Peromyscus attwateri,NEW,25,M,A,ns,21,21,101,no
27/5/2017,MTNF,2,26,1,9,sm,Peromyscus attwateri,NEW,31,M,A,ns,24,21,113,no
27/5/2017,MTNF,2,26,1,1,sm,Peromyscus attwateri,NEW,23,F,A,sm,22,20,104,no
28/5/2017,MTNF,2,26,2,24,sm,Peromyscus attwateri,NEW,27,M,A,ns,21,20,93,no
29/5/2017,MTNF,2,26,3,9,lg,Peromyscus attwateri,NEW,31,M,A,ns,22,21,100,no
24/7/2017,DMCA,2,30,4,6,lg,Neotoma floridana,NEW,273,,A,,,,,no
22/7/2017,DMCA,2,31,1,5,lg,Sigmodon hispidus,NEW,141,,,,,,,no
25/7/2017,DMCA,2,31,4,3,sm,Reithrodontomys fulvescens,NEW,11,M,A,ns,28,13,91,no
25/7/2017,DMCA,2,31,4,24,sm,Sigmodon hispidus,NEW,141,,A,,,,,no
25/7/2017,DMCA,2,31,4,7,sm,Sigmodon hispidus,NEW,51,M,SA,ns,24,14,85,mites
2/7/2017,RRSP,2,16,2,19,sm,Peromyscus leucopus,RECAP,15,F,A,sm,17,14,65,no
2/7/2017,RRSP,2,16,2,18,sm,Peromyscus leucopus,RECAP,20,M,A,ns,19,17,71,no
2/7/2017,RRSP,2,16,2,15,sm,Sigmodon hispidus,RECAP,102,M,A,ns,,,,no
3/7/2017,RRSP,2,16,3,18,sm,Peromyscus leucopus,RECAP,21,M,A,ns,19,15,70,no
3/7/2017,RRSP,2,16,3,11,sm,Sigmodon hispidus,RECAP,68,F,SA,sm,25,16,88,no
3/7/2017,RRSP,2,16,3,5,lg,Sigmodon hispidus,RECAP,110,M,A,ns,24,12,110,no
4/7/2017,RRSP,2,16,4,2,sm,Peromyscus leucopus,RECAP,27,M,A,ns,18,16,71,no
4/7/2017,RRSP,2,16,4,21,sm,Peromyscus maniculatus,RECAP,17,M,A,ns,18,17,59,no
4/7/2017,RRSP,2,16,4,10,sm,Sigmodon hispidus,RECAP,108,M,A,ns,27,13,98,no
4/7/2017,RRSP,2,16,4,6,lg,Sigmodon hispidus,RECAP,171,M,A,ns,26,,102,no
3/7/2017,RRSP,2,17,2,14,sm,Sigmodon hispidus,RECAP,67,F,A,sm,28,11,103,no
4/7/2017,RRSP,2,17,3,16,sm,Sigmodon hispidus,RECAP,69,F,SA,sm,28,14,104,no
6/7/2017,RRSP,2,18,2,17,sm,Sigmodon hispidus,RECAP,153,F,A,lg,29,17,110,no
6/7/2017,RRSP,2,18,2,14,sm,Sigmodon hispidus,RECAP,32,F,A,sm,23,11,78,no
7/7/2017,RRSP,2,18,3,20,lg,Sigmodon hispidus,RECAP,149,F,A,sm,29,19,100,no
7/7/2017,RRSP,2,18,3,14,sm,Sigmodon hispidus,RECAP,160,F,A,sm,29,18,109,no
8/7/2017,RRSP,2,18,4,3,sm,Peromyscus attwateri,RECAP,29,F,A,sm,22,20,113,no 
8/7/2017,RRSP,2,18,4,22,sm,Sigmodon hispidus,RECAP,139,F,A,sm,27,18,105,no
8/7/2017,RRSP,2,18,4,16,lg,Sigmodon hispidus,RECAP,17,M,J,ns,23,14,75,no
8/7/2017,RRSP,2,18,4,6,sm,Sigmodon hispidus,RECAP,77,F,SA,sm,25,16,96,no
6/7/2017,RRSP,2,19,2,21,sm,Peromyscus attwateri,RECAP,30,F,A,sm,21,20,110,fleas
8/7/2017,RRSP,2,19,4,21,lg,Peromyscus attwateri,RECAP,26,F,A,sm,23,21,109,no
8/7/2017,RRSP,2,19,4,20,sm,Peromyscus attwateri,RECAP,26,M,A,ns,20,19,96,no
8/7/2017,RRSP,2,19,4,11,sm,Peromyscus attwateri,RECAP,20,F,A,sm,22,19,94,no
4/6/2017,CMCA,2,20,3,3,sm,Peromyscus leucopus,RECAP,15,F,A,sm,16,13,60,no
4/6/2017,CMCA,2,20,3,16,sm,Peromyscus maniculatus,RECAP,20,M,A,ns,18,14,56,no
5/6/2017,CMCA,2,20,4,1,sm,Peromyscus leucopus,RECAP,,,,,,,,no
5/6/2017,CMCA,2,20,4,2,lg,Peromyscus leucopus,RECAP,28,M,A,ns,18,18,68,no
5/6/2017,CMCA,2,20,4,10,sm,Peromyscus maniculatus,RECAP,21,M,A,ns,17,17,54,no
4/6/2017,CMCA,2,21,2,13,sm,Peromyscus leucopus,RECAP,16,F,A,sm,16,12,59,no
5/6/2017,CMCA,2,21,3,22,sm,Peromyscus leucopus,RECAP,21,M,A,ns,18,14,64,no
5/6/2017,CMCA,2,21,3,20,sm,Peromyscus leucopus,RECAP,16,F,A,sm,19,12,57,no
5/6/2017,CMCA,2,21,3,16,sm,Peromyscus leucopus,RECAP,22,F,A,sm,18,17,67,no
5/6/2017,CMCA,2,21,3,15,sm,Peromyscus leucopus,RECAP,18,F,A,sm,19,16,65,tick
6/6/2017,CMCA,2,21,4,22,sm,Peromyscus leucopus,RECAP,17,M,A,ns,18,13,65,no
6/6/2017,CMCA,2,21,4,17,sm,Peromyscus leucopus,RECAP,14,F,J,sm,18,17,64,no
6/6/2017,CMCA,2,21,4,15,sm,Peromyscus leucopus,RECAP,22,F,A,sm,17,16,70,no
9/6/2017,CMCA,2,22,2,12,sm,Peromyscus leucopus,RECAP,19,F,A,sm,21,12,62,no
9/6/2017,CMCA,2,22,2,5,sm,Peromyscus maniculatus,RECAP,13,F,A,sm,20,14,55,no
10/6/2017,CMCA,2,22,3,13,sm,Peromyscus leucopus,RECAP,18,F,A,sm,19,10,66,no
10/6/2017,CMCA,2,22,3,12,sm,Peromyscus leucopus,RECAP,18,M,A,ns,17,15,64,no
10/6/2017,CMCA,2,22,3,6,lg,Peromyscus maniculatus,RECAP,20,M,A,ns,18,12,58,no
11/6/2017,CMCA,2,22,4,13,sm,Peromyscus leucopus,RECAP,16,F,A,sm,18,14,64,no
11/6/2017,CMCA,2,22,4,11,lg,Peromyscus leucopus,RECAP,16,M,A,ns,17,15,65,tick
11/6/2017,CMCA,2,22,4,4,sm,Peromyscus maniculatus,RECAP,20,M,A,ns,,,,no
29/5/2017,MTNF,2,25,3,17,sm,Peromyscus attwateri,RECAP,39,F,A,sm,22,20,106,no
29/5/2017,MTNF,2,25,3,18,sm,Peromyscus attwateri,RECAP,25,F,A,sm,22,20,100,no
30/5/2017,MTNF,2,25,4,1,sm,Peromyscus attwateri,RECAP,22,F,A ,s,24,20,100,no
30/5/2017,MTNF,2,25,4,18,sm,Peromyscus attwateri,RECAP,31,M,A ,ns,23,20,105,no
30/5/2017,MTNF,2,25,4,19,sm,Peromyscus attwateri,RECAP,24,F,A ,sm,22,21,98,no
30/5/2017,MTNF,2,25,4,21,sm,Peromyscus attwateri,RECAP,28,M,A ,ns,24,19,103,no
30/5/2017,MTNF,2,25,4,24,sm,Peromyscus attwateri,RECAP,29,M,A ,ns,22,20,105,no
28/5/2017,MTNF,2,26,2,23,sm,Peromyscus attwateri,RECAP,25,M,A,ns,21,20,110,no
28/5/2017,MTNF,2,26,2,6,sm,Peromyscus attwateri,RECAP,28,M,A,ns,23,20,115,no
29/5/2017,MTNF,2,26,3,22,lg,Peromyscus attwateri,RECAP,23,M,A,ns,22,20,99,no
29/5/2017,MTNF,2,26,3,10,lg,Peromyscus attwateri,RECAP,28,M,A,ns,22,,106,no
29/5/2017,MTNF,2,26,3,9,sm,Peromyscus attwateri,RECAP,23,F,A,sm,22,18,103,no
30/5/2017,MTNF,2,26,4,25,sm,Peromyscus attwateri,RECAP,22,M,A ,ns,22,19,100,tick
30/5/2017,MTNF,2,26,4,21,lg,Peromyscus attwateri,RECAP,,,A ,,,,,no
30/5/2017,MTNF,2,26,4,9,sm,Peromyscus attwateri,RECAP,26,M,A ,ns,23,18,102,tick
30/5/2017,MTNF,2,26,4,7,sm,Peromyscus attwateri,RECAP,26,M,A ,ns,23,24,114,no
30/5/2017,MTNF,2,26,4,2,lg,Peromyscus attwateri,RECAP,24,F,A ,sm,21,20,102,no
4/7/2017,RRSP,2,16,4,16,sm,Peromyscus leucopus,,,,,,,,,
